V1,V2,V3,V4,V5,V6,V7,V8,V9,V10,V11,V12,V13,V14,V15,V16,V17,V18,V19,V20,V21,V22,V23,V24,V25,V26,V27,V28,V29,V30,V31,V32,V33,V34,V35,V36,V37,V38,V39,V40,V41,V42,V43,V44,V45,V46,V47,V48,V49,V50,V51,V52,V53,V54,V55,V56,V57,V58,V59,V60,V61,V62,V63,V64,V65,V66,V67,V68,V69,V70,V71,V72,V73,V74,V75,V76,V77,V78,V79,V80,V81,V82,V83,V84,V85,V86,V87,V88,V89,V90,V91,V92,V93,V94,V95,V96,V97,V98,V99
0,0,0,0,0,0,0,0,0,0,0,0,0,0,0,0,0,0,0,0,0,0,0,0,0,0,0,0.0135263663687305,0.0297146574376007,0.0484154691215735,0.068970507280754,0.0873510421746334,0.10638613241188,0.127143183540106,0.150653283583869,0.177740928903288,0.212070773114162,0.246640259064305,0.281884751240856,0.315795653682609,0.351103416054264,0.389839221805052,0.431626621485581,0.477531356004332,0.527400743780123,0.581083900982113,0.639794131988278,0.702098967593882,0.767709607020792,0.835294930124397,0.903772113968157,0.973295957271166,1.04231006368351,1.11127585999328,1.17966569177797,1.24864448011659,1.31663964054368,1.38505243239381,1.45356190912534,1.52181430379057,1.59020483291371,1.65844165045467,1.72703388175016,1.79637700371369,1.86550660935381,1.93553150040867,2.00528778278088,2.0755967408739,2.14687208571589,2.21724377258928,2.28874638743964,2.35996732389996,2.43167078486742,2.50307048861428,2.57525839005123,2.64745642565095,2.71885554151195,2.79093976246907,2.86313029770047,2.9339710221229,3.00467612119831,3.07676125091043,3.14909937224921,3.21957065739718,3.29111838347582,3.36130166812958,3.43233150767037,3.50206588662625,3.57308841349657,3.64274810590265,3.70997727608783,3.78595983268243,3.85270813461743,3.92796167410788,3.99284522245482,4.06725390758653,4.13695339502063,4.20399645114962,4.26631356865901
0,0,0,0,0,0,0,0,0.0292911317628295,0.0581777783839098,0.0844416704201336,0.110043299490808,0.135805513819737,0.164094047816883,0.193026858381454,0.222846590066637,0.250726334682383,0.27873627988193,0.303843087105411,0.327200916689822,0.352041969298903,0.378629009379214,0.406310353318079,0.435137211511304,0.464785647221495,0.496279193721135,0.526990067893679,0.558179490779801,0.590251128517497,0.625138081052922,0.662523427037683,0.698886331671077,0.735815718568127,0.773438290973982,0.810513638873932,0.849859387275635,0.892747868896771,0.941069820006823,0.996210476870975,1.05564782563035,1.12156488323308,1.19658384173091,1.28156128786029,1.37924515598187,1.49073421341178,1.61538985595645,1.75552224274296,1.90834351583232,2.07278959372877,2.24551513898871,2.42347518287729,2.60668845678258,2.79116078494297,2.97737920152516,3.16402995566838,3.35468772843462,3.5435922779498,3.73381748711309,3.92420156675242,4.11358793608217,4.30425663342618,4.49293905789133,4.68166640493801,4.87149471572009,5.0600507984633,5.24969539503721,5.43659114799283,5.62603991103992,5.81676946406155,6.00372275356199,6.19270527422,6.37955582018687,6.56824923049234,6.75446155326683,6.94230615040332,7.13049504283328,7.31568818609746,7.50303640654309,7.69022158495357,7.87453183450495,8.05771478315536,8.24333987470887,8.42935571966013,8.61174969894011,8.79619858449154,8.97752405577961,9.16108849488033,9.34162488790655,9.52483735938641,9.70445032187573,9.87846884138165,10.0693783240174,10.2425361559525,10.4334462646279,10.6042795141376,10.7945379306625,10.9746821233005,11.1498101112273,11.3162256223566
0,0,0,0,0,0,0,0,0,0,0,0,0,-0.0304846993937783,-0.0698474727877949,-0.103427979529983,-0.134877946522689,-0.165796664812193,-0.195706679113838,-0.225067168011067,-0.255013894684269,-0.286010147939432,-0.317908883171724,-0.350315533886681,-0.380405673748863,-0.410861374181254,-0.437962946191546,-0.462343109172211,-0.486593399270295,-0.513551036622324,-0.542751570034987,-0.569519112580843,-0.595399641903319,-0.622026676648893,-0.649325610621252,-0.676305720781438,-0.700798109869747,-0.725764825136666,-0.751439221116524,-0.777652319437488,-0.805424353159838,-0.835490927953246,-0.867749407947107,-0.902585840453345,-0.93977163670126,-0.97833799665785,-1.01816296970809,-1.05965292010401,-1.10307362559001,-1.14831189346942,-1.19524891297009,-1.24412847085166,-1.29416664688793,-1.34546658934746,-1.39511615623928,-1.44425263667641,-1.49289365383729,-1.54197864729835,-1.59131279549466,-1.64081167377849,-1.69075893376533,-1.74036949243635,-1.79018400330254,-1.84017299323761,-1.89004823680025,-1.94007131670062,-1.98947192366319,-2.0397051582105,-2.08994743448587,-2.13951729126131,-2.18954410841445,-2.23927758289177,-2.28993714321413,-2.33968581341849,-2.39020065518387,-2.44105711548151,-2.49097695897324,-2.54194513603068,-2.59284443856973,-2.6433851399418,-2.69385337974866,-2.74518494694727,-2.79708678797852,-2.84823403354109,-2.90012988936782,-2.95144604852077,-3.0036372566472,-3.05517453473013,-3.10755945425403,-3.15906685181554,-3.20853141743116,-3.26331234329119,-3.31109772758627,-3.36560878863835,-3.4141654476466,-3.46940741966973,-3.52173816959111,-3.57303642992689,-3.62212400240723
0,-0.0795431970340309,-0.152593935587137,-0.213253500799582,-0.269694283247884,-0.322986948476246,-0.373595867603676,-0.420747822229351,-0.454398549047521,-0.479292662607703,-0.503800555831728,-0.528476757507216,-0.550902101053641,-0.577956230878942,-0.606761478828144,-0.63434111590717,-0.663472936586612,-0.692757495700474,-0.721144371024785,-0.748807576850811,-0.779487285524341,-0.813879736709148,-0.848918324155313,-0.884181277134916,-0.918329656950327,-0.953399242106156,-0.986367352915701,-1.02254648714347,-1.06018546267321,-1.09818215661476,-1.13692796588552,-1.17286991293802,-1.20978136296842,-1.2491533900229,-1.29253622734525,-1.33875027073781,-1.3874380090095,-1.43644378206322,-1.48613120865906,-1.53825481962865,-1.59361380414886,-1.65362947689356,-1.71807585878093,-1.78881532487094,-1.86598820588697,-1.94920290345575,-2.04021446290507,-2.13680631544214,-2.23868848661424,-2.34411982321117,-2.45178496990166,-2.56204158804183,-2.67267721237314,-2.78433175136352,-2.89867175227212,-3.01632742232261,-3.13294305522777,-3.25051856569489,-3.36836174502739,-3.48556178940324,-3.60375722599408,-3.72087614573391,-3.8380800805828,-3.95625716055732,-4.07362561966867,-4.19202519283715,-4.30854068114287,-4.42713326482755,-4.54663511362758,-4.66384330151257,-4.78257354809479,-4.89970298033721,-5.01866820569017,-5.13561179142822,-5.2540908637269,-5.37331781694657,-5.4900676306498,-5.60886439165018,-5.72765801964937,-5.84448024351449,-5.96076556124097,-6.07879702510754,-6.19761568216127,-6.31406945737557,-6.43202669535566,-6.54763639626995,-6.66520843213342,-6.7807561233791,-6.89822417174623,-7.0132338604686,-7.12302494276804,-7.24561375715149,-7.35504947066962,-7.47822410674736,-7.58730862136295,-7.7106871245215,-7.8271372520379,-7.94037829644809,-8.04634449034143
0,0,0,0,0,0,0,-0.00583637082693885,-0.0319759857903399,-0.0484157780159494,-0.0627321242626703,-0.0761488870567263,-0.0858938815499555,-0.0851288475506572,-0.0819599989957025,-0.0795755382815364,-0.0774387322590578,-0.0754923823671085,-0.0744792621111446,-0.0741494050062704,-0.0777228876438209,-0.0853616713883243,-0.0937999655126256,-0.103249654767011,-0.11277044362667,-0.122725296113047,-0.137131052613226,-0.150748699057551,-0.164400965921103,-0.177892618435609,-0.191431828089699,-0.206191355461129,-0.221288313404106,-0.236036347952893,-0.250142760454581,-0.262711617291115,-0.270946792106454,-0.277771408132361,-0.282867451914918,-0.292694219425635,-0.303960388277848,-0.314767231925147,-0.325406382146751,-0.336012505913558,-0.347050602304018,-0.358698595380102,-0.370845601012365,-0.384027590331095,-0.398260720628084,-0.413552265226101,-0.429877475560488,-0.446926526748801,-0.464421812742198,-0.482040024069517,-0.497290718428453,-0.510432450028399,-0.522600027371746,-0.534013040608208,-0.544768568692748,-0.555120522340144,-0.564820298322435,-0.57402464791344,-0.582692650098946,-0.590614653983033,-0.59818028599439,-0.604987489970775,-0.611413266861077,-0.617428359629629,-0.622763969148707,-0.627965032367886,-0.632651662150453,-0.637367232621795,-0.641874134128229,-0.646172127416383,-0.650332881174833,-0.654427832566464,-0.658610111390324,-0.662737177061091,-0.666904524374613,-0.671406194958885,-0.675921825211964,-0.680593716601144,-0.685600590560969,-0.691006297858207,-0.696374723009966,-0.702343336611592,-0.708207192942242,-0.714198542638139,-0.72012351721553,-0.726055646493911,-0.731334978274911,-0.735947317565938,-0.740028427502493,-0.744962085347484,-0.750520691002637,-0.756766770523717,-0.763489198514017,-0.771473358036584,-0.779140184486599
0,0,0,0,0,0,0,0,-0.00136576916963967,-0.0500790618273613,-0.0954331741439984,-0.13902477358256,-0.183065250622236,-0.234350651862513,-0.285797349987171,-0.333756346744675,-0.379100344636413,-0.423526248458167,-0.465511960893684,-0.5056761988561,-0.544510039445133,-0.582586790756775,-0.621172682725049,-0.660381220056465,-0.699601736077959,-0.73922912466093,-0.782185973247846,-0.825776134686697,-0.87042836463073,-0.914388541326984,-0.958523396672998,-1.00000446099091,-1.04207578830597,-1.08612663096404,-1.13260883364285,-1.18163281021964,-1.23315537484198,-1.289819523755,-1.35281689955953,-1.4211275528026,-1.49612797040101,-1.58000425983197,-1.67342650051578,-1.77931702959983,-1.8988219876352,-2.03096226534297,-2.17833786952065,-2.33777070865534,-2.50831767806774,-2.6866558421056,-2.86970625113242,-3.0576390365345,-3.24630160390395,-3.43609849272001,-3.62676607076473,-3.82206113717573,-4.01518234721025,-4.20902210199361,-4.4023819273242,-4.59372577162543,-4.7862014245637,-4.97561201682688,-5.16406536237956,-5.35308187508666,-5.53990126018156,-5.72719869483238,-5.9103513299332,-6.09652194932669,-6.28294416188683,-6.46500182761956,-6.64837388745516,-6.82832728871435,-7.01093968517619,-7.18958133199984,-7.36996837543767,-7.55150856417622,-7.72843159302433,-7.90829263513258,-8.08765527265336,-8.26435670437268,-8.43962321950725,-8.61666150496346,-8.79514118663907,-8.97023724186137,-9.1468038235963,-9.32104378083254,-9.49681539526926,-9.66973547600868,-9.84475353007564,-10.0166624569936,-10.178782688877,-10.360382973847,-10.5230816387134,-10.7062192186504,-10.8674358660016,-11.0507019612862,-11.2247169889056,-11.3955694431412,-11.5535835083009
0,0,0,0,0,0,0,0,0,0,0,0,0,0,0,0,0,0,0,0,0,0,0,0,0,0,0,0,0,0,0,0,0,0,0,0,0,0.0125115051069531,0.0378001341841419,0.0649705070547314,0.0954432224950235,0.130047604023703,0.169250407273068,0.213278504351889,0.26234499959216,0.315230100920923,0.372149691238284,0.432109477901784,0.494807288443961,0.559464839293274,0.625243022974948,0.692266048492279,0.759543075960258,0.826956821632791,0.896538109121063,0.969435418948933,1.04184312410642,1.1140632548607,1.18555734232408,1.25561041431705,1.32604893735225,1.39439641820879,1.46149018188666,1.52810956835708,1.59325543773735,1.65781675815025,1.71979831123821,1.78298005709264,1.84541728472475,1.90562981802661,1.96557630898367,2.02331140454495,2.08222792137233,2.13861399391531,2.19532524090295,2.25272581693172,2.30752809816425,2.36364897346703,2.41909673181794,2.47389394621069,2.52774644632451,2.58136756953764,2.63573530649878,2.68912906451248,2.74245033934053,2.79559286706271,2.84843269767753,2.90054367283171,2.95270674599866,3.00492299990583,3.05268408711057,3.10547140878854,3.15409884110731,3.20751122751574,3.25463920435351,3.30858050414898,3.36126832303065,3.41420511468203,3.46181784658828
0,0,0,0,0,0,0,0,-0.018794921303194,-0.0486012338438135,-0.0768856708045938,-0.103394117043622,-0.127117421920973,-0.146804805494709,-0.165892375616484,-0.184544943889281,-0.203524360155712,-0.222790544742875,-0.244118200099336,-0.266976106183954,-0.290726061983577,-0.315504302491001,-0.340441064606085,-0.364938882367994,-0.388270996088898,-0.412171229419275,-0.441625709614366,-0.470834933616991,-0.500109661282674,-0.531849858501985,-0.565288802542834,-0.5981534467032,-0.630442477226583,-0.662605659591218,-0.695153632086451,-0.727344182708698,-0.758125359225926,-0.789802667873995,-0.822097795892143,-0.855363849718621,-0.889245489839893,-0.923626208264549,-0.958701064484431,-0.995044260897621,-1.0331071795205,-1.07325935947577,-1.11649963863522,-1.16285086962715,-1.21268385698768,-1.26585757774367,-1.32222699742886,-1.38156823160434,-1.44308377926581,-1.50659231200606,-1.56717659407196,-1.62623692196918,-1.68509826932507,-1.74468796531355,-1.80500856476037,-1.86617021805241,-1.92798594951683,-1.99016617960286,-2.05304163371265,-2.11636277465134,-2.18008342145615,-2.24418373443628,-2.30837516981419,-2.37324331905381,-2.43832929694509,-2.50313514864508,-2.56865997852197,-2.63422125834914,-2.70080605698965,-2.76680035895848,-2.83375728336759,-2.90094344917263,-2.96730678711947,-3.03490122502917,-3.10233638987835,-3.16933054691485,-3.2364700963617,-3.30471480556701,-3.37414353082141,-3.44232204207803,-3.51141352962829,-3.58018808799036,-3.64968969598325,-3.71833328442217,-3.78801458224918,-3.85713332393729,-3.92335313483255,-3.99602690106889,-4.05877340424718,-4.13070591943083,-4.19336779256105,-4.26675557689419,-4.33680572021648,-4.40599974457469,-4.47000887379929
0,0,0,0,0,0,0,0,0,0,0,0,0,0.0420473974306319,0.0927137515774129,0.138515013481007,0.183604144708869,0.22781435217085,0.270795458115454,0.312939950466508,0.354935164312685,0.397164692989099,0.439165955751034,0.480723929533636,0.522833401829277,0.565523209969496,0.605191499812777,0.645482437485609,0.686433596431526,0.729590943192065,0.774541571510929,0.817188221686494,0.8597657926855,0.903895121496174,0.950151243542322,0.997922745981345,1.04815335875676,1.09889369610148,1.15063495539685,1.19858866987972,1.24640025748442,1.29683060572856,1.34985477028121,1.40661210228295,1.46725744526407,1.53112391022985,1.59942098207392,1.67109964303019,1.74632954299371,1.82435297226335,1.90459949667333,1.98763781000739,2.07228438751562,2.15913493133973,2.24459811484034,2.33177348218766,2.42007922031006,2.51084800112289,2.60366865092037,2.69823391876308,2.79502279701828,2.89291507258514,2.99264000147762,3.09437792789912,3.19713061308371,3.3019037412507,3.40697485360048,3.51424192270563,3.62319774016669,3.73167429897649,3.84227411551142,3.95268927203533,4.06506745555078,4.17652996053352,4.28992157972699,4.40391115729541,4.51638382115985,4.6310314177553,4.74567857721062,4.85865916610262,4.97166805145127,5.08680048955793,5.20256032587554,5.31565317088776,5.43055860476498,5.54259771309718,5.65735621823553,5.77028420028799,5.88542981235057,5.99841768918189,6.10723184840171,6.23035003610322,6.3365101984407,6.46027407704318,6.56572741794126,6.68887503950692,6.80171912330028,6.91028263604881,7.01139022137234
0,0,0,-0.0599526880904286,-0.119126220873256,-0.17482059647973,-0.227609572498863,-0.27713773107159,-0.320844255673205,-0.366565658339567,-0.411255099485709,-0.455119120878229,-0.500576769182228,-0.547846112756328,-0.595898391286511,-0.643310434828352,-0.689976545939255,-0.737812899514317,-0.78731137460089,-0.838330416179766,-0.886645588034697,-0.932473149448652,-0.979472073562507,-1.02807433988483,-1.081672567217,-1.13653026634773,-1.19557558021425,-1.25729420329755,-1.32067764751478,-1.3850250408999,-1.45079394839704,-1.51941476602973,-1.59008284172856,-1.66299409912999,-1.73834485142322,-1.8158300776388,-1.89442026600372,-1.97563105507954,-2.0604896385067,-2.14658096561952,-2.2379729810935,-2.33805477244622,-2.44753013899324,-2.56899752815097,-2.70332022326208,-2.84920907445768,-3.00907083276474,-3.17971566728621,-3.3604765132514,-3.54862297342213,-3.74186308583482,-3.94042635465204,-4.14096709857833,-4.34399865752958,-4.54672404798859,-4.75259005351963,-4.95734845292536,-5.16393345068638,-5.37148398147942,-5.57902092637538,-5.78876577885989,-5.99726261888357,-6.20647657873688,-6.41726312035728,-6.62754827332764,-6.83938609500075,-7.0488372952113,-7.26188540863566,-7.47629708987525,-7.68756736499158,-7.90136395955684,-8.11319605084015,-8.32816870356031,-8.54024019366082,-8.75496615072668,-8.97097200166582,-9.18322197832578,-9.39904621715744,-9.61446351883106,-9.82737305857508,-10.0397053110769,-10.2548309602541,-10.4715119647621,-10.6844689254283,-10.8996133052028,-11.111365172785,-11.3265526185799,-11.5388492148979,-11.7541036318971,-11.9657015020819,-12.1686978439028,-12.3937241425198,-12.594248196415,-12.8204980525905,-13.0208527452259,-13.2473815918607,-13.4607454026231,-13.6697782857803,-13.8663118098842
0,0,0,0,0,0,0,0,0,0,0,0,0,0,0,0,0,0,0,0,0,0,-0.00331889325076088,-0.0111110293044957,-0.0139424799543954,-0.0174891515854155,-0.0254383777310375,-0.0315005147371992,-0.0368666692859213,-0.0408892016286676,-0.0436348445985617,-0.0512680196114955,-0.0603453819348745,-0.0694296911408553,-0.0788779188543759,-0.0886069279194443,-0.0989594083709987,-0.111425347502133,-0.12668554274562,-0.142370305920991,-0.160448271735916,-0.182363994262995,-0.208678831345864,-0.240430874794914,-0.278206490265354,-0.321463116491814,-0.370941301136356,-0.424962177237671,-0.482783054793454,-0.542854585178363,-0.603813539715901,-0.665669293619513,-0.726989453371043,-0.787922041795439,-0.849495151837023,-0.913042011246872,-0.975535577784038,-1.03784813152465,-1.09957190401623,-1.16011366100417,-1.22085885142388,-1.28012522194946,-1.33867070984762,-1.39717457041947,-1.45463077369739,-1.51202873264958,-1.56767022348278,-1.62429324141358,-1.68081421921943,-1.73563381074738,-1.79070391721178,-1.8442713275842,-1.89870521666293,-1.95141402185657,-2.00455487494779,-2.05798695968853,-2.10973621543635,-2.16240811170648,-2.21478072949405,-2.26617115912397,-2.31687186060878,-2.36785055844511,-2.41890778227626,-2.46889538790576,-2.5194127655652,-2.56884374118209,-2.6188385562955,-2.66776966979847,-2.71741542051459,-2.76592314068316,-2.81253598307504,-2.86390597763037,-2.91079751178866,-2.96238200253772,-3.00852028329283,-3.05989618741498,-3.10838845648163,-3.15561939353474,-3.20022214918254
0,0,0,0,0,0,0,0,0,0,0,0,0,0,0,0,0,0,0,0,0,0,0,0,0,-0.00635662244436591,-0.0199166157860188,-0.0327300775307854,-0.0454024790872662,-0.0573100869580859,-0.068937360370827,-0.081756855216397,-0.0955221025520589,-0.109197704671453,-0.121587224749087,-0.134195219792396,-0.147661518805058,-0.163880912404822,-0.183561622789071,-0.210050806981026,-0.241126377139767,-0.275990664565137,-0.314750867901307,-0.357731111566755,-0.404677109947654,-0.454627534857742,-0.507887573903504,-0.562804680356102,-0.61913852791273,-0.676360231895692,-0.734086059139054,-0.792662974073605,-0.851290531603176,-0.91015110288714,-0.971258919217245,-1.03524342010583,-1.09911794311823,-1.16346103058577,-1.22775665693404,-1.29153756012903,-1.35617002916245,-1.41971529739608,-1.48285972805526,-1.5461599779093,-1.60868331496538,-1.67117256240856,-1.73200129309771,-1.79402115836212,-1.85599045798928,-1.91647881038624,-1.97701485238475,-2.03603971110996,-2.09551510687625,-2.15382944784715,-2.21215000409565,-2.2707625187895,-2.32805656633523,-2.38574376822597,-2.44332713401148,-2.50019329405164,-2.55651670055771,-2.61246172700076,-2.66831790024428,-2.72420105252523,-2.78002547105207,-2.83453098754136,-2.8899072494139,-2.94475395691124,-2.999726141794,-3.05319567332523,-3.10296890578566,-3.15767160404228,-3.20939205347299,-3.26757071334682,-3.32192634240322,-3.37989057878553,-3.43471182946673,-3.48882283274378,-3.539674907163
0,0,0,0,0,0,0,0,0,0,0,0,0,0,0,0,0,0,0,0,0,0,0,0,0,0,0,0,0,0,0,0,0,0,0,-0.00646677938544437,-0.0309301447032473,-0.0592308813554514,-0.0921991061351179,-0.131141613855828,-0.175431652425801,-0.225151171519207,-0.280037851626265,-0.340635156947022,-0.40636202597567,-0.475487072172304,-0.547596948947975,-0.621487563834351,-0.696617839239039,-0.771879651978641,-0.846518978005745,-0.921101592020559,-0.994627033176041,-1.06773443663711,-1.14247309535583,-1.21974644329768,-1.29658486255919,-1.37401432595066,-1.45166217612967,-1.52898194054281,-1.60723741231253,-1.6848779526505,-1.76275396991117,-1.84151276730933,-1.92000546237249,-1.99956977858799,-2.07821071373355,-2.15855817304404,-2.23970634803024,-2.31968253378499,-2.40088543834394,-2.48115761940301,-2.56310961638402,-2.64347943158028,-2.72518402836792,-2.80761945010891,-2.888053731341,-2.97017789565889,-3.05214625914686,-3.13276608622453,-3.21293033474871,-3.29428838563576,-3.37626638985514,-3.45601685219129,-3.53657068448284,-3.61495693184449,-3.69530980085939,-3.77427603520013,-3.85456546219394,-3.93372504354566,-4.00852566427802,-4.09487990451445,-4.16985826593691,-4.25631018445027,-4.32871211062676,-4.41388149446562,-4.49197706789711,-4.56683204705436,-4.63570172611926
0,0,0,0,0,0,0,0,0,0,0,0,0,0,0,0,0,0,0,0,0,0,0,0,0,0,0,0,0,0,0,0,0,0,0,0,0,0,0,0.0237162845058124,0.05902780590295,0.0991732695085495,0.144256778929039,0.194965501807311,0.251123644747874,0.312301620104853,0.378534687331375,0.448015250752515,0.519800322261506,0.592675600476728,0.665972283106525,0.739202620807418,0.81117952191434,0.881791924650523,0.949149090134117,1.01254223791119,1.07217448801245,1.1294571393967,1.18450137607499,1.23760241781945,1.28877869374174,1.33806596568725,1.38588298972786,1.43211136518451,1.47705619965685,1.52058089738496,1.56294168991971,1.60423261360267,1.64464191952851,1.68398566525756,1.72275843821851,1.76153607554682,1.79939049538679,1.83719735399421,1.87462623975527,1.91137980907533,1.94865740331208,1.98515893634078,2.02197682412465,2.0586947120253,2.09535565010813,2.13226703807021,2.16863251036094,2.20561053174295,2.24312082007446,2.2805362800933,2.31853101041388,2.35612842788593,2.39425958012094,2.43149039394645,2.47110518348091,2.50724301434547,2.54444935162295,2.57961735235992,2.61875317400766,2.6551597261118,2.69237464490522,2.7301206687831,2.77192228576253
0,0,0,0,0,0,0,0,0,0,0,0,0,0,0,0,0,0,0,0,0,0,0,0,0,0,0,0,0,0,0,0,0,0,0,0,0,0,0,0,0,0,0,0,0,0,0,0,0,0,0,0,0,0,0,0,0,0,0,0,0,0,0,0,0,0,0,0,0,0,0,0,0.000434666256702901,0.00121935362618774,0.00197349711749825,0.00312534366223156,0.00387562585817393,0.00519115770876206,0.00610910300953854,0.00730187133566311,0.00878892272981777,0.0107630573042523,0.014001972194268,0.0171257293506911,0.0196978053858943,0.0231466348204294,0.0259836300737048,0.0294140011538068,0.0322390774102549,0.035776137328174,0.0341692757950453,0.0382723841137442,0.0379730847959999,0.0429121930680648,0.0437738377324186,0.0498345533476217,0.0561131491604717,0.0638337047430958,0.064864268048676
0,0,0,0,0,0,0,0,0,0,0,0,0,0,0,0,0,0,0,0,0.0163270528458306,0.0492199943629342,0.0826114510828118,0.117021589534512,0.151546556211605,0.185414242333741,0.220112425330329,0.256029243792677,0.292318656909503,0.329209679668127,0.36685293339185,0.406867469033905,0.447956464912506,0.489302060839137,0.530575699530673,0.573061534911759,0.616608011071035,0.661777557686115,0.709293598214397,0.758354697476609,0.810111245337107,0.865892499859382,0.925746403333314,0.990909110612084,1.06171951448123,1.1376779307352,1.22026778170527,1.3077120895628,1.39957628559539,1.49421492921435,1.59011500410786,1.68739212565335,1.78409265389472,1.88055798365201,1.97550072982248,2.070886138288,2.16446000692803,2.25771602654521,2.35022973533203,2.44152168671138,2.53267096647836,2.62228856827594,2.71133323460704,2.80030388093759,2.88826707958382,2.97626363780113,3.06252345410725,3.14975512828984,3.23706243002373,3.32259276924238,3.40862605702762,3.49356871324883,3.57927948793767,3.66360366055045,3.74861013837799,3.8341430646646,3.91789155367771,4.00286834503221,4.08758308235528,4.17132432451704,4.2546272885758,4.33903171449178,4.42427403402968,4.50797936042992,4.5922590128459,4.67592506065059,4.76013564487031,4.84331016358299,4.92736533808031,5.01022485762797,5.08919186770791,5.17698880175772,5.25606434156285,5.34405738413824,5.42256234989582,5.51045093754396,5.59463240375049,5.67821142321706,5.75612135364885
0,0,0,0,0,0,0,0,0,0,0,0,0,0,0,0,0,0,0,0,0,0,0,0,0,0,0,0,0,0,0,0,0,0,0,0,0,0,0,0,0,0,0,0,0,-0.00169673835733334,-0.00760482128250284,-0.0148191640693649,-0.0230657690205614,-0.031993500798141,-0.0413577713829426,-0.0506787031944981,-0.0598011332761751,-0.0685946261561962,-0.0736863914186989,-0.0756323648868149,-0.0768930127538818,-0.0776721940366996,-0.0782276644137228,-0.0791476487149622,-0.0792471278862288,-0.0800490758174296,-0.0811846454556859,-0.0820976730602321,-0.0835488774680963,-0.0848411999800235,-0.0874323088104185,-0.0886317517176251,-0.0902226760308782,-0.0926780326717683,-0.0951189186707943,-0.0989297035776192,-0.101213503931501,-0.105730112171366,-0.109490391018135,-0.112302878896172,-0.117176266976918,-0.12049603253683,-0.124243867760486,-0.128276899804167,-0.133007279308962,-0.137601524445545,-0.14123155623088,-0.145822275993408,-0.15044542822988,-0.155460758065172,-0.160306905624371,-0.165556162653702,-0.170767847193555,-0.176270438024197,-0.185243693462483,-0.189687036431606,-0.197037190519853,-0.201429272378942,-0.21046518355477,-0.214543108985643,-0.219846503945529,-0.225799840294637,-0.234906146638235
0,0,0,0,0,0,0,0,0,0,0,0,0,0,0,0,0,0,0,0,0,0,0,0,0,0,0,0,0,-0.0151958081077271,-0.0401394818204607,-0.0670944380958056,-0.0952270393130826,-0.123121403468925,-0.148920473190357,-0.17741539873397,-0.212391113858963,-0.24822005236836,-0.285813567913754,-0.331560069414003,-0.38396243016775,-0.442355862269697,-0.506488490530769,-0.576863557016949,-0.652850502512984,-0.733028873858168,-0.817195601872214,-0.904530943660701,-0.994699761148647,-1.08676640245702,-1.18003648424252,-1.27469226521058,-1.36923618166881,-1.46390190660651,-1.55520744942507,-1.64471202271566,-1.73218800703789,-1.8193406275983,-1.90596902508551,-1.9920826346681,-2.07790786392263,-2.16290824636569,-2.2478592461286,-2.33273556348423,-2.41712782799594,-2.50151141828894,-2.5851437960454,-2.66918235471894,-2.75343624945864,-2.8365021218313,-2.92015814392161,-3.00366121392267,-3.08736943177953,-3.17041374519567,-3.25407741152785,-3.33757086536309,-3.42049339205835,-3.50392221343689,-3.58744303014052,-3.67016059326327,-3.75259850209423,-3.8362032296901,-3.92005934757969,-4.00267209377305,-4.08630004498233,-4.16902084438539,-4.25274479404068,-4.33528574161455,-4.41907005752268,-4.501112878085,-4.58218005329905,-4.6689643640918,-4.74805450634079,-4.83374512512539,-4.91206793638746,-4.9979050148729,-5.07970874979773,-5.15977194008885,-5.23820516806595
0,0,0,0,0,0,0,0,0,0,0,0,0,0,0,0,0,0,0,0,0,0,0,0,0,0,0,0,0,0,0,0,0,-0.00973269845731366,-0.0393772271291047,-0.0688735356494502,-0.0969879823707206,-0.122351017287992,-0.144761134027684,-0.173158707682269,-0.205116452741909,-0.239286861088635,-0.275941778716217,-0.316423772607456,-0.361469497166291,-0.411582746111592,-0.468398602788437,-0.530607849019832,-0.597724920918004,-0.668319372726071,-0.741241708388337,-0.815835373754257,-0.890320021884963,-0.964526391516043,-1.03711620688796,-1.10774669415106,-1.17547791351052,-1.24182764075832,-1.30682854591787,-1.37040365022594,-1.43312362861279,-1.49445429960149,-1.55491893422704,-1.61489938657273,-1.67394405750545,-1.73268645170205,-1.79056321458387,-1.84848754304389,-1.90607755182373,-1.9628400811592,-2.0199228033289,-2.0765956214069,-2.13392786631913,-2.19030613486496,-2.24756193392712,-2.30493534917978,-2.36127622090476,-2.41883505646181,-2.47622103287903,-2.5326953539885,-2.58925705025896,-2.64749393620528,-2.70636396272366,-2.7639554937666,-2.82272234275868,-2.88020458744303,-2.93937366034871,-2.997450722685,-3.05690601476999,-3.11542117765269,-3.1704885823734,-3.23392166670216,-3.2860784527104,-3.34888769154223,-3.40197966393277,-3.46603750528116,-3.52577257770266,-3.58362940547736,-3.63645303705849
0,0,0,0,0,0,0,0,0,0,0,0,0,0,0,0,0,0,0,0,0,0,0,0,0,0,0,0,0,0,0,-0.0186948840949493,-0.0423535202968608,-0.0639135651935815,-0.0808973923080176,-0.0973850905438328,-0.113204163791278,-0.133598109227301,-0.159478642687086,-0.183225929981608,-0.208388908818877,-0.237104388333559,-0.269852616448639,-0.306776036672059,-0.347929356471423,-0.392445701630234,-0.440775216610429,-0.490951873437065,-0.542307410319592,-0.593899464233181,-0.644954367098909,-0.695663747043995,-0.745624610847801,-0.79508617595164,-0.842257843877065,-0.889653775790301,-0.937018789951252,-0.984639805846138,-1.03238023763158,-1.08020062602518,-1.12853192021367,-1.1765532447901,-1.22474929246218,-1.27313572077562,-1.32158522923985,-1.37019159563079,-1.41829149158324,-1.4671222077558,-1.51632430662058,-1.56477464989444,-1.61361777579237,-1.66208886336235,-1.71070546027383,-1.75889622068355,-1.80723835852836,-1.85564208279431,-1.90362084816245,-1.95180464103169,-1.99989157402222,-2.04758985716472,-2.09493713464194,-2.14227063806399,-2.18919734029556,-2.23556911136855,-2.2820459765435,-2.32800863682704,-2.37433969873568,-2.42022220146135,-2.46641778373577,-2.51219358837952,-2.55939234861591,-2.60649641527467,-2.6534132280909,-2.70044373888353,-2.74596332649244,-2.79191890811042,-2.83631677562125,-2.88038323373982,-2.92549123829927
0,0,0,0,0,0,0,0,0,0,0,0,0,0,0,0,0,0,0,0,0,0,0,0,0,0,0,0,0,0,0,0,0,0,0,0,0,0,0,0,0,0,0,0,0,0,0,0,0,0,0,0,0,0,-0.00880738755708685,-0.0217250741942531,-0.0347060408576685,-0.0474922836426528,-0.0598289674105035,-0.0710798572566504,-0.0826012895164646,-0.0929608349817093,-0.102460297464371,-0.111856220554157,-0.120334551487461,-0.128704803445418,-0.135569474964037,-0.1433056834929,-0.150697675447305,-0.157014022599308,-0.163200835084769,-0.167980754610437,-0.17377902535624,-0.17821093519295,-0.182871004474177,-0.188326125692066,-0.192114177528995,-0.196984130685741,-0.201350806457052,-0.205527041373883,-0.209379814885917,-0.213113603830338,-0.217738386266135,-0.222084689654751,-0.225862736559873,-0.229668963216867,-0.233239275624828,-0.236948479629053,-0.240137720163554,-0.243364914894194,-0.241848206410056,-0.245174006223481,-0.246630211791686,-0.250991282006351,-0.252669889799969,-0.25764761261947,-0.26289704334625,-0.268629329055292,-0.269501909856949
0,0,0,0,0,0,0,0,0,0,0,0,0.0146694886292364,0.035856148477438,0.0549694443385873,0.0738286923151456,0.0893912748785637,0.104175855651772,0.117491875214088,0.129824741345079,0.138828659102491,0.144162761752036,0.14887773961142,0.153471053542371,0.160897322909739,0.168232528614924,0.175043700565284,0.182161328869105,0.189582300628832,0.19860016164383,0.20882113569608,0.218030967888243,0.227141070062426,0.237278300626909,0.249079813218981,0.262574779478498,0.280069684495751,0.297057151335083,0.31372480406842,0.331630133605823,0.351074642787456,0.372366341843162,0.39556588633646,0.421101939817235,0.448978354320794,0.478786524441142,0.510538618221133,0.543951373732173,0.5787938424336,0.614573606033105,0.650993953076942,0.688121897413502,0.725517993339911,0.763362488362012,0.800943648793297,0.83853548239718,0.876071804130592,0.914150402909413,0.952722672401764,0.991787370425669,1.03130960752004,1.0712858306662,1.11189676432689,1.15317165382205,1.19486157617291,1.23732752871684,1.28028933919242,1.32357666522316,1.3676366307289,1.41166537480223,1.45666170658738,1.50205948390152,1.54792356523769,1.59405548632793,1.64082663863018,1.68747143095267,1.73422094702134,1.78126293218796,1.82845210173264,1.87515615966781,1.9220745597057,1.96998040254775,2.01765117583452,2.06444084339351,2.11213696379464,2.15864884606864,2.20627613218204,2.25323315918618,2.30118115751137,2.34822972064648,2.39473669869076,2.44633390643418,2.49138781683939,2.54287164678292,2.58737755067365,2.63819466510262,2.68497347338867,2.72936513559863,2.77200789419274
0,0,0,0,0,0,0,0,0,0,0,0,0,0,0.00147577300680797,0.0292772643444794,0.0570510569242319,0.0842383681962374,0.109272113264964,0.132825777199648,0.155526566663007,0.176606366285036,0.196265350855203,0.214900782532245,0.235685175312589,0.255384199147483,0.269999076247305,0.286074474185144,0.302564885657997,0.320663604672435,0.340140208263333,0.363343174307236,0.388015100957925,0.413516340085706,0.439839795623968,0.467546793033362,0.498048478066389,0.531586867940447,0.569214288360309,0.608199020061984,0.651058518604808,0.699816339874404,0.755244493206554,0.818902628481177,0.891675388647116,0.973479472874557,1.0663966379345,1.168123109491,1.27788631020704,1.39345796746956,1.51264484446163,1.63521000311315,1.75846507724427,1.88239220641408,2.00940727897585,2.13997837080465,2.26890341375326,2.39787829615519,2.52615131145326,2.65261338638536,2.7793765064658,2.90380862387166,3.0271774966358,3.1506014387887,3.27224065225587,3.39388619930671,3.51261233547036,3.63285736982687,3.7530509721736,3.87009357188444,3.98775686768064,4.10297923494431,4.21977196540803,4.33390644781603,4.44889837992775,4.5645056782649,4.67699712249984,4.79122601074566,4.90489415419957,5.01696645483977,5.12804959128184,5.24008753476406,5.35325367659651,5.46410371610184,5.57557267583057,5.68648766831853,5.79718219613625,5.90621457223213,6.01617384957288,6.12447685057744,6.22614541499022,6.34041116763223,6.44300572599679,6.55705105013998,6.65730376832765,6.77156532391734,6.88160630789591,6.99045439111075,7.0898652392754
0,0,0,0,0,0,0,0,0,0,0,0,0,0,0,0,0,0,0,0,0,0,0,0,0,0,0,0,0,0,0,-0.00946683890213169,-0.0242539019419096,-0.0406874402456178,-0.0600537677141363,-0.0808871000803738,-0.103437902850114,-0.128485365080337,-0.156505391557762,-0.190631332971066,-0.22971039640036,-0.27342750695031,-0.321876661340249,-0.375867599214738,-0.43537421338777,-0.500132996406642,-0.571964114948571,-0.647385758900386,-0.725639242917613,-0.805229583667345,-0.885158073182543,-0.96539124857416,-1.04465659708759,-1.12322739870425,-1.19984184993701,-1.27594738382136,-1.35040915682161,-1.42447090990527,-1.49799191030192,-1.57087915101742,-1.64360439407041,-1.71566142794534,-1.78750966932463,-1.85942625547167,-1.93090571521045,-2.00256955722897,-2.07363433452379,-2.14492566450562,-2.21662563646715,-2.28732725595719,-2.35868757015323,-2.42963057610699,-2.50070425430627,-2.57131345498732,-2.6424009236876,-2.71317730756609,-2.78345166781625,-2.85409592335194,-2.92477857511468,-2.99433763093091,-3.06379224577021,-3.13407140402587,-3.20404114747198,-3.27288153234933,-3.34285439456054,-3.41136253414379,-3.48099895785492,-3.54935987775352,-3.61902135581571,-3.68751615963126,-3.75544266679078,-3.82797811499621,-3.8934150557204,-3.96553806441733,-4.0307473437257,-4.10294276576197,-4.17096657989694,-4.23694242111052,-4.30047925171414
0,0,0,0,0,0,0,0,0.0326281163290417,0.061376097482269,0.0876734810216814,0.112916944960933,0.135359109282866,0.161004952573859,0.187130203503884,0.21446526796601,0.240853115507165,0.266673089787149,0.292639365592251,0.318776509742494,0.347383151503936,0.378597958996388,0.409571202387139,0.440629632184656,0.473610050116742,0.506524603730062,0.53944478329055,0.571546757974982,0.603518366878974,0.633896453408494,0.663102036332996,0.690779815630245,0.717929300661512,0.746129316611341,0.777070728274297,0.806784481970671,0.831873429787426,0.856838548893887,0.881513920183308,0.905450440199426,0.929586587063871,0.954448138063277,0.980417778931428,1.00799450039527,1.03775696420221,1.06965618582181,1.10470005225655,1.14257493827873,1.18348679754566,1.22723772063878,1.27347238920014,1.32199659238024,1.37194795708779,1.42294867570746,1.4780303509084,1.53531517407962,1.59209000376784,1.64872574021588,1.70495653409261,1.76023007674685,1.81582191068465,1.87017012278158,1.92363345672854,1.97688656963539,2.02915733198475,2.08118434034525,2.13163886942748,2.1829523543996,2.23359971634914,2.28317659914101,2.33269244056314,2.38079617097624,2.43013359783782,2.47758104415694,2.52576634094423,2.57476335620183,2.62167654448143,2.67010765207638,2.71803894939329,2.76563533639816,2.81307767043189,2.86089975839263,2.90981894254859,2.95807609538595,3.00666820236891,3.05482244827269,3.10345440806503,3.15154464848224,3.20004934096957,3.24791920151826,3.29003788614388,3.34088059330986,3.38273870922428,3.43516522709476,3.47852975258115,3.53207872349728,3.58235558834868,3.63260981345242,3.6755517703674
0,0,0,0,0,0,0,0,0,-0.0156202611599269,-0.0393287611684803,-0.061598822103176,-0.082572373944221,-0.0989944804906218,-0.113792980851718,-0.12969287921506,-0.144831042358847,-0.159475009841261,-0.174741972627764,-0.190378237479605,-0.206318399159267,-0.222483257849449,-0.237833313700358,-0.251871772687886,-0.264612706254553,-0.27593779472134,-0.287601429920904,-0.299397260408997,-0.310778049654206,-0.32342047815674,-0.336958194004158,-0.349960720439859,-0.362421556677863,-0.376173274661325,-0.392651876456796,-0.408994862694671,-0.426297835504803,-0.440897913663069,-0.452942963718826,-0.463960793547967,-0.474257483275643,-0.484022736548038,-0.493351346311334,-0.502352906449171,-0.511151990690942,-0.520274507133772,-0.529917004383356,-0.540322767684074,-0.551567331693236,-0.563694146554616,-0.576759050981377,-0.590590255855462,-0.605077008966342,-0.620171677702906,-0.634434813168108,-0.64759549180599,-0.660704168614274,-0.674017984182215,-0.687658052507878,-0.701880962045983,-0.716071287538604,-0.730932485367214,-0.746392516060811,-0.762169434141587,-0.778494145607763,-0.795230723128891,-0.812853770081627,-0.830288807399419,-0.848253751935835,-0.866708402954755,-0.885681829379593,-0.905605283981441,-0.925379847562427,-0.945921772644788,-0.966781034315468,-0.987438900979273,-1.00880465061138,-1.03019792674988,-1.05183219062349,-1.07335305058585,-1.09520616845797,-1.11803007956456,-1.1409208438494,-1.1633573644658,-1.18630134970559,-1.20896596039051,-1.23221932282641,-1.25528376696645,-1.27888701730627,-1.30234383016582,-1.32592169759851,-1.35145024377059,-1.37364251858577,-1.39802530355697,-1.41965224642552,-1.44435750026144,-1.46759219467367,-1.48988935861852,-1.51158777355987
0,0,0,0,0,0,0,0,0,0,0,0,0,0,0,0,0,0,0,0,0,0,0,-0.00321124501752734,-0.0211567438524605,-0.0381626760244639,-0.049830473474726,-0.0625433930474512,-0.0755277175170555,-0.0901023696086157,-0.105704774018065,-0.12536033522385,-0.146362723797855,-0.168082915244976,-0.190938770382175,-0.21499789507038,-0.24121742503332,-0.268412695675662,-0.29695283038983,-0.329603562130483,-0.365897489919742,-0.405794276771806,-0.449776125245112,-0.498853321423663,-0.553636858310544,-0.613572099714022,-0.679323570332039,-0.749566218758612,-0.823659909663993,-0.900250802460518,-0.978125998490359,-1.0571815514999,-1.13589279119251,-1.21424139344921,-1.2883628894846,-1.36132287012177,-1.43268362198837,-1.50360419967225,-1.5738747665826,-1.64332151141207,-1.71254050141123,-1.78067753216652,-1.84830208945783,-1.9156744070035,-1.98226879533658,-2.04861445316602,-2.11383705411108,-2.17943497295143,-2.24482408464069,-2.30894745251435,-2.37326550452778,-2.43677153021301,-2.50073481226539,-2.56347051088136,-2.62667597153866,-2.68994390954134,-2.75204662101958,-2.81480418819011,-2.87747794583716,-2.93940381192459,-3.00085141689659,-3.06306174457901,-3.12561920627573,-3.18700773461141,-3.24909057548312,-3.31067305028123,-3.37256987737119,-3.43341524331114,-3.4950928953562,-3.55576535781882,-3.61410210594098,-3.67785424279331,-3.73488579904576,-3.79869548508682,-3.85468276423964,-3.91866497226268,-3.9791271081589,-4.03895011461169,-4.09506267266744
0,0,0,0,0,0,0,0,0,0,0,0,0,0,0,0,0,0,0.0117711314203051,0.0317750378542911,0.0521334780606755,0.073084337647976,0.0931833844228383,0.112238670301343,0.13120580341045,0.14986775041718,0.171224263178745,0.189988325782885,0.208125587219739,0.225814410839421,0.24317817260551,0.263857364414667,0.286321715328429,0.312045066287916,0.343761181132364,0.376928461577219,0.41211182084432,0.44938704834862,0.489591262084109,0.533536610566792,0.582026392373505,0.636129386955032,0.696744268840501,0.76538576041365,0.843067404883486,0.929051544286208,1.02441643325012,1.12747613682712,1.23742968744158,1.35225596055989,1.47008960187182,1.59076852193807,1.71195664636562,1.83368854686135,1.95464074908083,2.07737522199697,2.19870430799266,2.32020401608901,2.44133976217886,2.56142414893581,2.6822279432507,2.80130416786618,2.91981504148769,3.03857982766658,3.15620700228577,3.27408355038877,3.3897048269831,3.50714015679458,3.62455051789553,3.73968422615613,3.85556388969376,3.96945936172238,4.08533260925488,4.19856375684412,4.3131211731239,4.42862518313234,4.54086032564484,4.65567307227478,4.76968994513636,4.8822255266159,4.9941118167184,5.10762418164266,5.22286984286416,5.33552866629779,5.44909768468415,5.56123904687456,5.67447863106818,5.78614395702776,5.8990219669947,6.01051801928182,6.11302859160605,6.23216764248286,6.33406503026935,6.4540901873097,6.55529827080917,6.67611977075215,6.78987594537781,6.90184188452521,7.00119062307924
0,0,0,0,0,0,0,0,0,0,0,0,0,0,0,0,-0.013013201920273,-0.0270911063209775,-0.0423975084537088,-0.058551112927955,-0.0760294032954573,-0.0945949302079931,-0.11237191935045,-0.128779957513637,-0.142886866956108,-0.157816505905732,-0.173105104744855,-0.187679420991197,-0.202394331514967,-0.214263095398994,-0.224452331275871,-0.233870512249396,-0.243950518343033,-0.254478997921784,-0.265357056435614,-0.276031881188013,-0.284282554133598,-0.294608477315342,-0.307191996924213,-0.321622702748386,-0.338162814257408,-0.357102203613208,-0.378706047018103,-0.403180976002369,-0.430558604825686,-0.460590892267307,-0.493687368187414,-0.528618086107255,-0.565032318090237,-0.602383039163899,-0.640324234712474,-0.678854169014227,-0.717596814850918,-0.756649596961994,-0.798242106837675,-0.841636927793185,-0.885088796311352,-0.928895393930909,-0.972844565404373,-1.01669714958175,-1.06115792904176,-1.1052467305418,-1.14929762460106,-1.19363619683601,-1.23777010089856,-1.28215173597064,-1.32576268236016,-1.37023212153655,-1.41494529496176,-1.45883630572508,-1.50312983559616,-1.54666806572401,-1.59081896316802,-1.63424810262439,-1.67803338890274,-1.72203488679555,-1.76525211310989,-1.80908383536689,-1.85282661272389,-1.89599189879594,-1.93894729140966,-1.98215099561993,-2.02533781611515,-2.06807239255499,-2.11105265292955,-2.15315824245851,-2.19591702233399,-2.2382062474919,-2.28083344213697,-2.32272047668008,-2.36286800175131,-2.40597389526696,-2.44625302260563,-2.49055571937108,-2.53140996415268,-2.57590618576863,-2.61848995508354,-2.66009243473843,-2.6995433604281
0,0,0,0,0,0,0,0,0,0,0,0,0,0,0,0,0,0,0,0,0,0,0,0,0,0,0.0224804531249772,0.0475158802501932,0.0721286614632964,0.0929852382652023,0.110910016249658,0.127265586195726,0.142133068566412,0.157077462751634,0.173553583416598,0.190101906182007,0.207973378026817,0.225433593425634,0.242504931020267,0.261888713723005,0.282143880511016,0.302543600118146,0.323324543616207,0.344986227995647,0.368024804782692,0.39272608111775,0.41948872858399,0.447869095787796,0.477441104532344,0.507456264108739,0.537367688596097,0.566924224685337,0.595837529455819,0.624192402030175,0.651285386318796,0.677465356796637,0.70300974647393,0.728134151561798,0.753007823812496,0.777645912860506,0.802078700065398,0.826338798491603,0.850556337031015,0.874760764992703,0.898998995085669,0.923394839679041,0.947710403309117,0.972236972181638,0.99688980189772,1.02142354355452,1.04629705232146,1.07125137388274,1.09669933232662,1.12190306867144,1.14757327553434,1.17352070064858,1.19904579498905,1.2251815466748,1.25121399709936,1.27706811678534,1.30295479206584,1.32952686156661,1.35658144578712,1.38283215987492,1.40928166798033,1.43574675469763,1.46245428823255,1.48891765235642,1.51569991863105,1.54281271316002,1.56904760732895,1.5975953838766,1.62295198912952,1.65054699788181,1.67427736858771,1.70198398168956,1.72902178628909,1.75577686828866,1.78046675199176
